from,to,amount
0x967E183e0025f6EeeFe04979A32048bb4EF61B27,0x488Fd92C17e586d0EB461675445f722EDFaF6600,1000
0x967E183e0025f6EeeFe04979A32048bb4EF61B27,0x488Fd92C17e586d0EB461675445f722EDFaF6600,1000
0x967E183e0025f6EeeFe04979A32048bb4EF61B27,0x488Fd92C17e586d0EB461675445f722EDFaF6600,1000
0x967E183e0025f6EeeFe04979A32048bb4EF61B27,0x488Fd92C17e586d0EB461675445f722EDFaF6600,1000
0x967E183e0025f6EeeFe04979A32048bb4EF61B27,0x488Fd92C17e586d0EB461675445f722EDFaF6600,1000
0x967E183e0025f6EeeFe04979A32048bb4EF61B27,0x488Fd92C17e586d0EB461675445f722EDFaF6600,1000
0x967E183e0025f6EeeFe04979A32048bb4EF61B27,0x488Fd92C17e586d0EB461675445f722EDFaF6600,1000
0x967E183e0025f6EeeFe04979A32048bb4EF61B27,0x488Fd92C17e586d0EB461675445f722EDFaF6600,1000
0x967E183e0025f6EeeFe04979A32048bb4EF61B27,0x488Fd92C17e586d0EB461675445f722EDFaF6600,1000
0x967E183e0025f6EeeFe04979A32048bb4EF61B27,0x488Fd92C17e586d0EB461675445f722EDFaF6600,1000
0x967E183e0025f6EeeFe04979A32048bb4EF61B27,0x488Fd92C17e586d0EB461675445f722EDFaF6600,1000
0x967E183e0025f6EeeFe04979A32048bb4EF61B27,0x488Fd92C17e586d0EB461675445f722EDFaF6600,1000
0x967E183e0025f6EeeFe04979A32048bb4EF61B27,0x488Fd92C17e586d0EB461675445f722EDFaF6600,1000
0x967E183e0025f6EeeFe04979A32048bb4EF61B27,0x488Fd92C17e586d0EB461675445f722EDFaF6600,1000
0x967E183e0025f6EeeFe04979A32048bb4EF61B27,0x488Fd92C17e586d0EB461675445f722EDFaF6600,1000
0x967E183e0025f6EeeFe04979A32048bb4EF61B27,0x488Fd92C17e586d0EB461675445f722EDFaF6600,1000
0x967E183e0025f6EeeFe04979A32048bb4EF61B27,0x488Fd92C17e586d0EB461675445f722EDFaF6600,1000
0x967E183e0025f6EeeFe04979A32048bb4EF61B27,0x488Fd92C17e586d0EB461675445f722EDFaF6600,1000
0x967E183e0025f6EeeFe04979A32048bb4EF61B27,0x488Fd92C17e586d0EB461675445f722EDFaF6600,1000
0x967E183e0025f6EeeFe04979A32048bb4EF61B27,0x488Fd92C17e586d0EB461675445f722EDFaF6600,1000
0x967E183e0025f6EeeFe04979A32048bb4EF61B27,0x488Fd92C17e586d0EB461675445f722EDFaF6600,1000
0x967E183e0025f6EeeFe04979A32048bb4EF61B27,0x488Fd92C17e586d0EB461675445f722EDFaF6600,1000
0x967E183e0025f6EeeFe04979A32048bb4EF61B27,0x488Fd92C17e586d0EB461675445f722EDFaF6600,1000
0x967E183e0025f6EeeFe04979A32048bb4EF61B27,0x488Fd92C17e586d0EB461675445f722EDFaF6600,1000
0x967E183e0025f6EeeFe04979A32048bb4EF61B27,0x488Fd92C17e586d0EB461675445f722EDFaF6600,1000
0x967E183e0025f6EeeFe04979A32048bb4EF61B27,0x488Fd92C17e586d0EB461675445f722EDFaF6600,1000
0x967E183e0025f6EeeFe04979A32048bb4EF61B27,0x488Fd92C17e586d0EB461675445f722EDFaF6600,1000
0x967E183e0025f6EeeFe04979A32048bb4EF61B27,0x488Fd92C17e586d0EB461675445f722EDFaF6600,1000
0x967E183e0025f6EeeFe04979A32048bb4EF61B27,0x488Fd92C17e586d0EB461675445f722EDFaF6600,1000
0x967E183e0025f6EeeFe04979A32048bb4EF61B27,0x488Fd92C17e586d0EB461675445f722EDFaF6600,1000
0x967E183e0025f6EeeFe04979A32048bb4EF61B27,0x488Fd92C17e586d0EB461675445f722EDFaF6600,1000
0x967E183e0025f6EeeFe04979A32048bb4EF61B27,0x488Fd92C17e586d0EB461675445f722EDFaF6600,1000
0x967E183e0025f6EeeFe04979A32048bb4EF61B27,0x488Fd92C17e586d0EB461675445f722EDFaF6600,1000
0x967E183e0025f6EeeFe04979A32048bb4EF61B27,0x488Fd92C17e586d0EB461675445f722EDFaF6600,1000
0x967E183e0025f6EeeFe04979A32048bb4EF61B27,0x488Fd92C17e586d0EB461675445f722EDFaF6600,1000
0x967E183e0025f6EeeFe04979A32048bb4EF61B27,0x488Fd92C17e586d0EB461675445f722EDFaF6600,1000
0x967E183e0025f6EeeFe04979A32048bb4EF61B27,0x488Fd92C17e586d0EB461675445f722EDFaF6600,1000
0x967E183e0025f6EeeFe04979A32048bb4EF61B27,0x488Fd92C17e586d0EB461675445f722EDFaF6600,1000
0x967E183e0025f6EeeFe04979A32048bb4EF61B27,0x488Fd92C17e586d0EB461675445f722EDFaF6600,1000
0x967E183e0025f6EeeFe04979A32048bb4EF61B27,0x488Fd92C17e586d0EB461675445f722EDFaF6600,1000
0x967E183e0025f6EeeFe04979A32048bb4EF61B27,0x488Fd92C17e586d0EB461675445f722EDFaF6600,1000
0x967E183e0025f6EeeFe04979A32048bb4EF61B27,0x488Fd92C17e586d0EB461675445f722EDFaF6600,1000
0x967E183e0025f6EeeFe04979A32048bb4EF61B27,0x488Fd92C17e586d0EB461675445f722EDFaF6600,1000
0x967E183e0025f6EeeFe04979A32048bb4EF61B27,0x488Fd92C17e586d0EB461675445f722EDFaF6600,1000
0x967E183e0025f6EeeFe04979A32048bb4EF61B27,0x488Fd92C17e586d0EB461675445f722EDFaF6600,1000
0x967E183e0025f6EeeFe04979A32048bb4EF61B27,0x488Fd92C17e586d0EB461675445f722EDFaF6600,1000
0x967E183e0025f6EeeFe04979A32048bb4EF61B27,0x488Fd92C17e586d0EB461675445f722EDFaF6600,1000
0x967E183e0025f6EeeFe04979A32048bb4EF61B27,0x488Fd92C17e586d0EB461675445f722EDFaF6600,1000
0x967E183e0025f6EeeFe04979A32048bb4EF61B27,0x488Fd92C17e586d0EB461675445f722EDFaF6600,1000
0x967E183e0025f6EeeFe04979A32048bb4EF61B27,0x488Fd92C17e586d0EB461675445f722EDFaF6600,1000
0x967E183e0025f6EeeFe04979A32048bb4EF61B27,0x488Fd92C17e586d0EB461675445f722EDFaF6600,1000
0x967E183e0025f6EeeFe04979A32048bb4EF61B27,0x488Fd92C17e586d0EB461675445f722EDFaF6600,1000
0x967E183e0025f6EeeFe04979A32048bb4EF61B27,0x488Fd92C17e586d0EB461675445f722EDFaF6600,1000
0x967E183e0025f6EeeFe04979A32048bb4EF61B27,0x488Fd92C17e586d0EB461675445f722EDFaF6600,1000
0x967E183e0025f6EeeFe04979A32048bb4EF61B27,0x488Fd92C17e586d0EB461675445f722EDFaF6600,1000
0x967E183e0025f6EeeFe04979A32048bb4EF61B27,0x488Fd92C17e586d0EB461675445f722EDFaF6600,1000
0x967E183e0025f6EeeFe04979A32048bb4EF61B27,0x488Fd92C17e586d0EB461675445f722EDFaF6600,1000
0x967E183e0025f6EeeFe04979A32048bb4EF61B27,0x488Fd92C17e586d0EB461675445f722EDFaF6600,1000
0x967E183e0025f6EeeFe04979A32048bb4EF61B27,0x488Fd92C17e586d0EB461675445f722EDFaF6600,1000
0x967E183e0025f6EeeFe04979A32048bb4EF61B27,0x488Fd92C17e586d0EB461675445f722EDFaF6600,1000
0x967E183e0025f6EeeFe04979A32048bb4EF61B27,0x488Fd92C17e586d0EB461675445f722EDFaF6600,1000
0x967E183e0025f6EeeFe04979A32048bb4EF61B27,0x488Fd92C17e586d0EB461675445f722EDFaF6600,1000
0x967E183e0025f6EeeFe04979A32048bb4EF61B27,0x488Fd92C17e586d0EB461675445f722EDFaF6600,1000
0x967E183e0025f6EeeFe04979A32048bb4EF61B27,0x488Fd92C17e586d0EB461675445f722EDFaF6600,1000
0x967E183e0025f6EeeFe04979A32048bb4EF61B27,0x488Fd92C17e586d0EB461675445f722EDFaF6600,1000
0x967E183e0025f6EeeFe04979A32048bb4EF61B27,0x488Fd92C17e586d0EB461675445f722EDFaF6600,1000
0x967E183e0025f6EeeFe04979A32048bb4EF61B27,0x488Fd92C17e586d0EB461675445f722EDFaF6600,1000
0x967E183e0025f6EeeFe04979A32048bb4EF61B27,0x488Fd92C17e586d0EB461675445f722EDFaF6600,1000
0x967E183e0025f6EeeFe04979A32048bb4EF61B27,0x488Fd92C17e586d0EB461675445f722EDFaF6600,1000
0x967E183e0025f6EeeFe04979A32048bb4EF61B27,0x488Fd92C17e586d0EB461675445f722EDFaF6600,1000
0x967E183e0025f6EeeFe04979A32048bb4EF61B27,0x488Fd92C17e586d0EB461675445f722EDFaF6600,1000
0x967E183e0025f6EeeFe04979A32048bb4EF61B27,0x488Fd92C17e586d0EB461675445f722EDFaF6600,1000
0x967E183e0025f6EeeFe04979A32048bb4EF61B27,0x488Fd92C17e586d0EB461675445f722EDFaF6600,1000
0x967E183e0025f6EeeFe04979A32048bb4EF61B27,0x488Fd92C17e586d0EB461675445f722EDFaF6600,1000
0x967E183e0025f6EeeFe04979A32048bb4EF61B27,0x488Fd92C17e586d0EB461675445f722EDFaF6600,1000
0x967E183e0025f6EeeFe04979A32048bb4EF61B27,0x488Fd92C17e586d0EB461675445f722EDFaF6600,1000
0x967E183e0025f6EeeFe04979A32048bb4EF61B27,0x488Fd92C17e586d0EB461675445f722EDFaF6600,1000
0x967E183e0025f6EeeFe04979A32048bb4EF61B27,0x488Fd92C17e586d0EB461675445f722EDFaF6600,1000
0x967E183e0025f6EeeFe04979A32048bb4EF61B27,0x488Fd92C17e586d0EB461675445f722EDFaF6600,1000
0x967E183e0025f6EeeFe04979A32048bb4EF61B27,0x488Fd92C17e586d0EB461675445f722EDFaF6600,1000
0x967E183e0025f6EeeFe04979A32048bb4EF61B27,0x488Fd92C17e586d0EB461675445f722EDFaF6600,1000
0x967E183e0025f6EeeFe04979A32048bb4EF61B27,0x488Fd92C17e586d0EB461675445f722EDFaF6600,1000
0x967E183e0025f6EeeFe04979A32048bb4EF61B27,0x488Fd92C17e586d0EB461675445f722EDFaF6600,1000
0x967E183e0025f6EeeFe04979A32048bb4EF61B27,0x488Fd92C17e586d0EB461675445f722EDFaF6600,1000
0x967E183e0025f6EeeFe04979A32048bb4EF61B27,0x488Fd92C17e586d0EB461675445f722EDFaF6600,1000
0x967E183e0025f6EeeFe04979A32048bb4EF61B27,0x488Fd92C17e586d0EB461675445f722EDFaF6600,1000
0x967E183e0025f6EeeFe04979A32048bb4EF61B27,0x488Fd92C17e586d0EB461675445f722EDFaF6600,1000
0x967E183e0025f6EeeFe04979A32048bb4EF61B27,0x488Fd92C17e586d0EB461675445f722EDFaF6600,1000
0x967E183e0025f6EeeFe04979A32048bb4EF61B27,0x488Fd92C17e586d0EB461675445f722EDFaF6600,1000
0x967E183e0025f6EeeFe04979A32048bb4EF61B27,0x488Fd92C17e586d0EB461675445f722EDFaF6600,1000
0x967E183e0025f6EeeFe04979A32048bb4EF61B27,0x488Fd92C17e586d0EB461675445f722EDFaF6600,1000
0x967E183e0025f6EeeFe04979A32048bb4EF61B27,0x488Fd92C17e586d0EB461675445f722EDFaF6600,1000
0x967E183e0025f6EeeFe04979A32048bb4EF61B27,0x488Fd92C17e586d0EB461675445f722EDFaF6600,1000
0x967E183e0025f6EeeFe04979A32048bb4EF61B27,0x488Fd92C17e586d0EB461675445f722EDFaF6600,1000
0x967E183e0025f6EeeFe04979A32048bb4EF61B27,0x488Fd92C17e586d0EB461675445f722EDFaF6600,1000
0x967E183e0025f6EeeFe04979A32048bb4EF61B27,0x488Fd92C17e586d0EB461675445f722EDFaF6600,1000
0x967E183e0025f6EeeFe04979A32048bb4EF61B27,0x488Fd92C17e586d0EB461675445f722EDFaF6600,1000
0x967E183e0025f6EeeFe04979A32048bb4EF61B27,0x488Fd92C17e586d0EB461675445f722EDFaF6600,1000
0x967E183e0025f6EeeFe04979A32048bb4EF61B27,0x488Fd92C17e586d0EB461675445f722EDFaF6600,1000
0x967E183e0025f6EeeFe04979A32048bb4EF61B27,0x488Fd92C17e586d0EB461675445f722EDFaF6600,1000
